-- MySQL dump 10.13  Distrib 5.1.73, for redhat-linux-gnu (x86_64)
--
-- Host: localhost    Database: triposal
-- ------------------------------------------------------
-- Server version	5.1.73

/*!40101 SET @OLD_CHARACTER_SET_CLIENT=@@CHARACTER_SET_CLIENT */;
/*!40101 SET @OLD_CHARACTER_SET_RESULTS=@@CHARACTER_SET_RESULTS */;
/*!40101 SET @OLD_COLLATION_CONNECTION=@@COLLATION_CONNECTION */;
/*!40101 SET NAMES utf8 */;
/*!40103 SET @OLD_TIME_ZONE=@@TIME_ZONE */;
/*!40103 SET TIME_ZONE='+00:00' */;
/*!40014 SET @OLD_UNIQUE_CHECKS=@@UNIQUE_CHECKS, UNIQUE_CHECKS=0 */;
/*!40014 SET @OLD_FOREIGN_KEY_CHECKS=@@FOREIGN_KEY_CHECKS, FOREIGN_KEY_CHECKS=0 */;
/*!40101 SET @OLD_SQL_MODE=@@SQL_MODE, SQL_MODE='NO_AUTO_VALUE_ON_ZERO' */;
/*!40111 SET @OLD_SQL_NOTES=@@SQL_NOTES, SQL_NOTES=0 */;

--
-- Table structure for table `activity`
--

DROP TABLE IF EXISTS `activity`;
/*!40101 SET @saved_cs_client     = @@character_set_client */;
/*!40101 SET character_set_client = utf8 */;
CREATE TABLE `activity` (
  `activityId` int(10) unsigned NOT NULL AUTO_INCREMENT,
  `activityName` varchar(30) COLLATE utf8_bin NOT NULL,
  PRIMARY KEY (`activityId`),
  UNIQUE KEY `activityName` (`activityName`)
) ENGINE=InnoDB AUTO_INCREMENT=11 DEFAULT CHARSET=utf8 COLLATE=utf8_bin;
/*!40101 SET character_set_client = @saved_cs_client */;

--
-- Dumping data for table `activity`
--

LOCK TABLES `activity` WRITE;
/*!40000 ALTER TABLE `activity` DISABLE KEYS */;
INSERT INTO `activity` VALUES (1,'art'),(2,'beach'),(3,'bike'),(4,'family'),(5,'gamble'),(6,'golf'),(7,'hike'),(8,'night'),(9,'prosport'),(10,'snow');
/*!40000 ALTER TABLE `activity` ENABLE KEYS */;
UNLOCK TABLES;

--
-- Table structure for table `city`
--

DROP TABLE IF EXISTS `city`;
/*!40101 SET @saved_cs_client     = @@character_set_client */;
/*!40101 SET character_set_client = utf8 */;
CREATE TABLE `city` (
  `cityId` int(10) unsigned NOT NULL AUTO_INCREMENT,
  `cityName` varchar(30) COLLATE utf8_bin DEFAULT NULL,
  `stateId` smallint(5) unsigned NOT NULL,
  `lat` float(10,6) DEFAULT NULL,
  `lon` float(10,6) DEFAULT NULL,
  PRIMARY KEY (`cityId`),
  KEY `FK_city` (`stateId`),
  CONSTRAINT `FK_city` FOREIGN KEY (`stateId`) REFERENCES `state` (`stateId`) ON DELETE CASCADE ON UPDATE CASCADE
) ENGINE=InnoDB AUTO_INCREMENT=63 DEFAULT CHARSET=utf8 COLLATE=utf8_bin;
/*!40101 SET character_set_client = @saved_cs_client */;

--
-- Dumping data for table `city`
--

LOCK TABLES `city` WRITE;
/*!40000 ALTER TABLE `city` DISABLE KEYS */;
INSERT INTO `city` VALUES (1,'Anaheim',1,8.000000,5.000000),(2,'Anchorage',2,61.218056,-149.900284),(3,'Aspen',3,39.191097,-106.817535),(4,'Atlantic City',4,39.364285,-74.422928),(5,'Austin',5,30.267153,-97.743057),(6,'Bandon',6,43.118999,-124.408447),(7,'Banff',7,51.178364,-115.570770),(8,'Biloxi',8,30.396032,-88.885307),(9,'Boston',9,42.358433,-71.059776),(10,'Chicago',10,41.878113,-87.629799),(11,'Cincinnati',11,39.103119,-84.512016),(12,'Dallas',5,32.780140,-96.800453),(13,'Daytona Beach',13,29.210815,-81.022835),(14,'Detroit',14,42.331429,-83.045753),(15,'Fort Lauderdale',13,26.122309,-80.143379),(16,'Hilton Head',16,32.216316,-80.752609),(17,'Honolulu',17,21.306944,-157.858337),(18,'Key West',13,24.555702,-81.782593),(19,'Killington',19,43.664722,-72.793335),(20,'Lake Tahoe',1,39.110088,-120.031693),(21,'Las Vegas',21,36.114647,-115.172813),(22,'Los Angeles',1,34.052235,-118.243683),(23,'Maui',17,20.798363,-156.331924),(24,'Miami',13,25.788969,-80.226440),(25,'Minneapolis',25,44.983334,-93.266670),(26,'Montreal',26,45.508671,-73.553993),(27,'Myrtle Beach',16,33.689060,-78.886696),(28,'Nashville',28,36.166668,-86.783333),(29,'New Orleans',29,29.951065,-90.071533),(30,'New York',30,40.714352,-74.005974),(31,'Ocean City',31,38.336502,-75.084908),(32,'Orlando',13,28.538336,-81.379234),(33,'Park City',33,40.646061,-111.497971),(34,'Philadelphia',34,39.952335,-75.163788),(35,'Phoenix',35,33.448376,-112.074036),(36,'Pinehurst',36,35.195435,-79.469475),(37,'Pittsburgh',34,40.440624,-79.995888),(38,'Portland',6,45.523453,-122.676208),(39,'Rehoboth',39,38.714523,-75.092010),(40,'Reno',21,39.529633,-119.813805),(41,'Rock Island',10,41.509476,-90.578751),(42,'Salt Lake City',33,40.760780,-111.891045),(43,'San Antonio',5,29.424122,-98.493629),(44,'San Diego',1,32.715328,-117.157257),(45,'San Francisco',1,37.774929,-122.419418),(46,'Santa Barbara',1,34.420830,-119.698189),(47,'Savannah',47,32.083542,-81.099831),(48,'Scottsdale',35,33.494171,-111.926048),(49,'Seattle',49,47.606209,-122.332069),(50,'Shreveport',29,32.525150,-93.750175),(51,'St. Louis',51,38.627003,-90.199402),(52,'Stowe',19,44.475277,-72.702225),(53,'Taos',53,36.407249,-105.573067),(54,'Tunica Resorts',8,34.815796,-90.322777),(55,'Uncasville',55,41.431690,-72.110092),(56,'Vail',3,39.640263,-106.374191),(57,'Vancouver',57,49.261227,-123.113930),(58,'Virginia Beach',58,36.852924,-75.977982),(59,'Washington',59,38.895111,-77.036369),(60,'West Palm Beach',13,26.715342,-80.053375),(61,'Whistler',57,50.116322,-122.957359),(62,'Williamsburg',58,37.270702,-76.707458);
/*!40000 ALTER TABLE `city` ENABLE KEYS */;
UNLOCK TABLES;

--
-- Table structure for table `city_activity`
--

DROP TABLE IF EXISTS `city_activity`;
/*!40101 SET @saved_cs_client     = @@character_set_client */;
/*!40101 SET character_set_client = utf8 */;
CREATE TABLE `city_activity` (
  `cityId` int(10) unsigned NOT NULL,
  `activityId` int(10) unsigned NOT NULL,
  KEY `activityId` (`activityId`),
  KEY `cityId` (`cityId`),
  CONSTRAINT `city_activity_ibfk_3` FOREIGN KEY (`cityId`) REFERENCES `city` (`cityId`) ON DELETE CASCADE ON UPDATE CASCADE,
  CONSTRAINT `city_activity_ibfk_4` FOREIGN KEY (`activityId`) REFERENCES `activity` (`activityId`) ON DELETE CASCADE ON UPDATE CASCADE
) ENGINE=InnoDB DEFAULT CHARSET=utf8 COLLATE=utf8_bin;
/*!40101 SET character_set_client = @saved_cs_client */;

--
-- Dumping data for table `city_activity`
--

LOCK TABLES `city_activity` WRITE;
/*!40000 ALTER TABLE `city_activity` DISABLE KEYS */;
INSERT INTO `city_activity` VALUES (30,1),(10,1),(9,1),(26,1),(45,1),(57,1),(29,1),(17,1),(43,1),(34,1),(47,1),(24,2),(39,2),(44,2),(15,2),(27,2),(58,2),(31,2),(16,2),(23,2),(13,2),(46,2),(41,3),(25,3),(38,3),(32,4),(27,4),(62,4),(30,4),(10,4),(1,4),(44,4),(9,4),(23,4),(15,4),(28,4),(21,5),(4,5),(55,5),(40,5),(8,5),(50,5),(54,5),(34,5),(35,6),(16,6),(21,6),(12,6),(60,6),(27,6),(48,6),(6,6),(36,6),(11,6),(22,6),(10,7),(24,7),(5,7),(42,7),(45,7),(38,7),(21,7),(49,7),(35,7),(59,7),(34,7),(30,7),(30,8),(49,8),(10,8),(21,8),(9,8),(34,8),(24,8),(29,8),(45,8),(5,8),(18,8),(28,8),(22,9),(10,9),(30,9),(34,9),(12,9),(51,9),(45,9),(14,9),(37,9),(9,9),(19,10),(25,10),(38,10),(7,10),(20,10),(61,10),(33,10),(56,10),(2,10),(3,10),(52,10),(53,10);
/*!40000 ALTER TABLE `city_activity` ENABLE KEYS */;
UNLOCK TABLES;

--
-- Table structure for table `country`
--

DROP TABLE IF EXISTS `country`;
/*!40101 SET @saved_cs_client     = @@character_set_client */;
/*!40101 SET character_set_client = utf8 */;
CREATE TABLE `country` (
  `countryId` smallint(5) unsigned NOT NULL AUTO_INCREMENT,
  `countryName` varchar(30) COLLATE utf8_bin DEFAULT NULL,
  PRIMARY KEY (`countryId`),
  UNIQUE KEY `countryName` (`countryName`)
) ENGINE=InnoDB AUTO_INCREMENT=3 DEFAULT CHARSET=utf8 COLLATE=utf8_bin;
/*!40101 SET character_set_client = @saved_cs_client */;

--
-- Dumping data for table `country`
--

LOCK TABLES `country` WRITE;
/*!40000 ALTER TABLE `country` DISABLE KEYS */;
INSERT INTO `country` VALUES (2,'CA'),(1,'USA');
/*!40000 ALTER TABLE `country` ENABLE KEYS */;
UNLOCK TABLES;

--
-- Table structure for table `forecast`
--

DROP TABLE IF EXISTS `forecast`;
/*!40101 SET @saved_cs_client     = @@character_set_client */;
/*!40101 SET character_set_client = utf8 */;
CREATE TABLE `forecast` (
  `forecastId` int(10) unsigned NOT NULL AUTO_INCREMENT,
  `cityId` int(10) unsigned NOT NULL,
  `temp` int(4) NOT NULL,
  `month` int(2) NOT NULL,
  PRIMARY KEY (`forecastId`),
  KEY `cityId` (`cityId`),
  CONSTRAINT `forecast_ibfk_1` FOREIGN KEY (`cityId`) REFERENCES `city` (`cityId`)
) ENGINE=InnoDB AUTO_INCREMENT=698 DEFAULT CHARSET=utf8 COLLATE=utf8_bin;
/*!40101 SET character_set_client = @saved_cs_client */;

--
-- Dumping data for table `forecast`
--

LOCK TABLES `forecast` WRITE;
/*!40000 ALTER TABLE `forecast` DISABLE KEYS */;
INSERT INTO `forecast` VALUES (2,1,84,7),(3,20,80,7),(4,22,82,7),(5,44,74,7),(6,45,71,7),(7,46,73,7),(8,2,67,7),(9,3,81,7),(10,56,64,7),(11,4,86,7),(12,5,96,7),(13,12,96,7),(14,43,94,7),(15,6,65,7),(16,38,81,7),(17,8,90,7),(18,54,91,7),(19,9,82,7),(20,10,85,7),(21,41,86,7),(22,11,87,7),(23,13,90,7),(24,15,90,7),(25,18,90,7),(26,24,90,7),(27,32,91,7),(28,60,90,7),(29,14,84,7),(30,16,89,7),(31,27,87,7),(32,17,87,7),(33,23,86,7),(34,19,77,7),(35,52,79,7),(36,21,105,7),(37,40,94,7),(38,25,84,7),(39,28,90,7),(40,29,91,7),(41,50,94,7),(42,30,84,7),(43,31,85,7),(44,33,85,7),(45,42,94,7),(46,34,87,7),(47,37,83,7),(48,35,106,7),(49,48,103,7),(50,36,89,7),(51,39,0,7),(52,47,92,7),(53,49,76,7),(54,51,90,7),(55,53,85,7),(56,55,79,7),(57,58,87,7),(58,62,90,7),(59,59,88,7),(60,1,69,1),(61,20,41,1),(62,22,68,1),(63,44,65,1),(64,45,56,1),(65,46,64,1),(66,2,21,1),(67,3,32,1),(68,56,21,1),(69,4,43,1),(70,5,62,1),(71,12,57,1),(72,43,64,1),(73,6,52,1),(74,38,46,1),(75,8,60,1),(76,54,49,1),(77,9,36,1),(78,10,32,1),(79,41,32,1),(80,11,40,1),(81,13,69,1),(82,15,75,1),(83,18,74,1),(84,24,76,1),(85,32,70,1),(86,60,74,1),(87,14,32,1),(88,16,59,1),(89,27,55,1),(90,17,80,1),(91,23,80,1),(92,19,28,1),(93,52,26,1),(94,21,58,1),(95,40,46,1),(96,25,23,1),(97,28,48,1),(98,29,60,1),(99,50,57,1),(100,30,39,1),(101,31,45,1),(102,33,34,1),(103,42,37,1),(104,34,40,1),(105,37,36,1),(106,35,67,1),(107,48,66,1),(108,36,52,1),(109,39,41,1),(110,47,61,1),(111,49,47,1),(112,51,41,1),(113,53,41,1),(114,55,37,1),(115,58,50,1),(116,62,49,1),(117,59,44,1),(118,1,70,3),(119,20,47,3),(120,22,69,3),(121,44,65,3),(122,45,61,3),(123,46,65,3),(124,2,33,3),(125,3,43,3),(126,56,27,3),(127,4,52,3),(128,5,73,3),(129,12,68,3),(130,43,74,3),(131,6,53,3),(132,38,55,3),(133,8,68,3),(134,54,64,3),(135,9,46,3),(136,10,47,3),(137,41,49,3),(138,11,54,3),(139,13,74,3),(140,15,79,3),(141,18,79,3),(142,24,80,3),(143,32,77,3),(144,60,78,3),(145,14,45,3),(146,16,68,3),(147,27,63,3),(148,17,80,3),(149,23,80,3),(150,19,41,3),(151,52,39,3),(152,21,70,3),(153,40,58,3),(154,25,40,3),(155,28,61,3),(156,29,69,3),(157,50,67,3),(158,30,50,3),(159,31,53,3),(160,33,52,3),(161,42,53,3),(162,34,52,3),(163,37,49,3),(164,35,77,3),(165,48,75,3),(166,36,63,3),(167,39,52,3),(168,47,70,3),(169,49,53,3),(170,51,56,3),(171,53,54,3),(172,55,46,3),(173,58,58,3),(174,62,61,3),(175,59,56,3),(176,1,75,5),(177,20,61,5),(178,22,74,5),(179,44,68,5),(180,45,66,5),(181,46,69,5),(182,2,58,5),(183,3,63,5),(184,56,42,5),(185,4,72,5),(186,5,88,5),(187,12,85,5),(188,43,88,5),(189,6,59,5),(190,38,67,5),(191,8,84,5),(192,54,81,5),(193,9,66,5),(194,10,71,5),(195,41,74,5),(196,11,75,5),(197,13,86,5),(198,15,86,5),(199,18,85,5),(200,24,87,5),(201,32,88,5),(202,60,86,5),(203,14,70,5),(204,16,81,5),(205,27,79,5),(206,17,84,5),(207,23,84,5),(208,19,66,5),(209,52,66,5),(210,21,89,5),(211,40,74,5),(212,25,69,5),(213,28,79,5),(214,29,84,5),(215,50,84,5),(216,30,71,5),(217,31,71,5),(218,33,65,5),(219,42,71,5),(220,34,73,5),(221,37,72,5),(222,35,94,5),(223,48,91,5),(224,36,80,5),(225,39,73,5),(226,47,85,5),(227,49,64,5),(228,51,77,5),(229,53,72,5),(230,55,64,5),(231,58,75,5),(232,62,79,5),(233,59,75,5),(234,1,84,9),(235,20,73,9),(236,22,82,9),(237,44,75,9),(238,45,73,9),(239,46,74,9),(240,2,56,9),(241,3,70,9),(242,56,52,9),(243,4,78,9),(244,5,91,9),(245,12,89,9),(246,43,90,9),(247,6,65,9),(248,38,76,9),(249,8,86,9),(250,54,84,9),(251,9,73,9),(252,10,76,9),(253,41,77,9),(254,11,80,9),(255,13,87,9),(256,15,88,9),(257,18,89,9),(258,24,89,9),(259,32,89,9),(260,60,88,9),(261,14,75,9),(262,16,84,9),(263,27,83,9),(264,17,87,9),(265,23,87,9),(266,19,70,9),(267,52,71,9),(268,21,95,9),(269,40,83,9),(270,25,73,9),(271,28,83,9),(272,29,85,9),(273,50,88,9),(274,30,76,9),(275,31,78,9),(276,33,79,9),(277,42,80,9),(278,34,78,9),(279,37,75,9),(280,35,101,9),(281,48,97,9),(282,36,81,9),(283,39,78,9),(284,47,86,9),(285,49,70,9),(286,51,80,9),(287,53,75,9),(288,55,73,9),(289,58,79,9),(290,62,82,9),(291,59,80,9),(292,1,69,11),(293,20,41,11),(294,22,68,11),(295,44,65,11),(296,45,57,11),(297,46,64,11),(298,2,23,11),(299,3,32,11),(300,56,20,11),(301,4,42,11),(302,5,62,11),(303,12,57,11),(304,43,64,11),(305,6,53,11),(306,38,47,11),(307,8,60,11),(308,54,49,11),(309,9,36,11),(310,10,32,11),(311,41,32,11),(312,11,40,11),(313,13,69,11),(314,15,76,11),(315,18,75,11),(316,24,76,11),(317,32,71,11),(318,60,75,11),(319,14,32,11),(320,16,60,11),(321,27,55,11),(322,17,80,11),(323,23,80,11),(324,19,28,11),(325,52,26,11),(326,21,59,11),(327,40,47,11),(328,25,24,11),(329,28,48,11),(330,29,60,11),(331,50,57,11),(332,30,38,11),(333,31,45,11),(334,33,34,11),(335,42,39,11),(336,34,40,11),(337,37,36,11),(338,35,68,11),(339,48,66,11),(340,36,52,11),(341,39,40,11),(342,47,61,11),(343,49,48,11),(344,51,41,11),(345,53,41,11),(346,55,37,11),(347,58,49,11),(348,62,50,11),(349,59,44,11),(350,1,68,2),(351,20,42,2),(352,22,67,2),(353,44,65,2),(354,45,59,2),(355,46,64,2),(356,2,28,2),(357,3,34,2),(358,56,20,2),(359,4,44,2),(360,5,66,2),(361,12,60,2),(362,43,68,2),(363,6,53,2),(364,38,50,2),(365,8,62,2),(366,54,52,2),(367,9,38,2),(368,10,34,2),(369,41,34,2),(370,11,43,2),(371,13,71,2),(372,15,77,2),(373,18,77,2),(374,24,78,2),(375,32,73,2),(376,60,77,2),(377,14,33,2),(378,16,62,2),(379,27,57,2),(380,17,80,2),(381,23,80,2),(382,19,31,2),(383,52,29,2),(384,21,62,2),(385,40,51,2),(386,25,26,2),(387,28,51,2),(388,29,63,2),(389,50,59,2),(390,30,41,2),(391,31,46,2),(392,33,38,2),(393,42,43,2),(394,34,42,2),(395,37,38,2),(396,35,70,2),(397,48,67,2),(398,36,55,2),(399,39,47,2),(400,47,64,2),(401,49,49,2),(402,51,44,2),(403,53,44,2),(404,55,39,2),(405,58,51,2),(406,62,53,2),(407,59,47,2),(408,1,73,4),(409,20,54,4),(410,22,71,4),(411,44,68,4),(412,45,65,4),(413,46,68,4),(414,2,46,4),(415,3,53,4),(416,56,34,4),(417,4,63,4),(418,5,81,4),(419,12,78,4),(420,43,81,4),(421,6,56,4),(422,38,60,4),(423,8,76,4),(424,54,72,4),(425,9,56,4),(426,10,60,4),(427,41,64,4),(428,11,67,4),(429,13,80,4),(430,15,82,4),(431,18,82,4),(432,24,83,4),(433,32,83,4),(434,60,82,4),(435,14,59,4),(436,16,75,4),(437,27,72,4),(438,17,83,4),(439,23,82,4),(440,19,56,4),(441,52,54,4),(442,21,79,4),(443,40,65,4),(444,25,57,4),(445,28,72,4),(446,29,77,4),(447,50,77,4),(448,30,63,4),(449,31,62,4),(450,33,59,4),(451,42,61,4),(452,34,64,4),(453,37,63,4),(454,35,86,4),(455,48,82,4),(456,36,73,4),(457,39,66,4),(458,47,78,4),(459,49,58,4),(460,51,69,4),(461,53,62,4),(462,55,56,4),(463,58,69,4),(464,62,72,4),(465,59,67,4),(466,1,79,6),(467,20,73,6),(468,22,77,6),(469,44,70,6),(470,45,70,6),(471,46,71,6),(472,2,65,6),(473,3,75,6),(474,56,56,6),(475,4,81,6),(476,5,94,6),(477,12,92,6),(478,43,93,6),(479,6,63,6),(480,38,73,6),(481,8,88,6),(482,54,90,6),(483,9,76,6),(484,10,80,6),(485,41,82,6),(486,11,83,6),(487,13,88,6),(488,15,88,6),(489,18,88,6),(490,24,89,6),(491,32,90,6),(492,60,89,6),(493,14,79,6),(494,16,87,6),(495,27,85,6),(496,17,86,6),(497,23,86,6),(498,19,73,6),(499,52,75,6),(500,21,100,6),(501,40,85,6),(502,25,78,6),(503,28,87,6),(504,29,88,6),(505,50,91,6),(506,30,79,6),(507,31,80,6),(508,33,80,6),(509,42,84,6),(510,34,82,6),(511,37,79,6),(512,35,105,6),(513,48,101,6),(514,36,87,6),(515,39,83,6),(516,47,90,6),(517,49,70,6),(518,51,86,6),(519,53,83,6),(520,55,73,6),(521,58,84,6),(522,62,87,6),(523,59,84,6),(524,1,86,8),(525,20,79,8),(526,22,83,8),(527,44,76,8),(528,45,72,8),(529,46,74,8),(530,2,65,8),(531,3,77,8),(532,56,60,8),(533,4,85,8),(534,5,98,8),(535,12,97,8),(536,43,97,8),(537,6,66,8),(538,38,81,8),(539,8,89,8),(540,54,91,8),(541,9,80,8),(542,10,82,8),(543,41,84,8),(544,11,86,8),(545,13,90,8),(546,15,90,8),(547,18,90,8),(548,24,91,8),(549,32,91,8),(550,60,91,8),(551,14,82,8),(552,16,88,8),(553,27,87,8),(554,17,88,8),(555,23,88,8),(556,19,77,8),(557,52,78,8),(558,21,102,8),(559,40,92,8),(560,25,81,8),(561,28,90,8),(562,29,89,8),(563,50,94,8),(564,30,83,8),(565,31,83,8),(566,33,85,8),(567,42,91,8),(568,34,85,8),(569,37,81,8),(570,35,105,8),(571,48,101,8),(572,36,88,8),(573,39,86,8),(574,47,91,8),(575,49,77,8),(576,51,89,8),(577,53,82,8),(578,55,78,8),(579,58,86,8),(580,62,88,8),(581,59,87,8),(582,1,69,10),(583,20,42,10),(584,22,69,10),(585,44,65,10),(586,45,57,10),(587,46,64,10),(588,2,23,10),(589,3,31,10),(590,56,21,10),(591,4,42,10),(592,5,62,10),(593,12,57,10),(594,43,64,10),(595,6,53,10),(596,38,46,10),(597,8,59,10),(598,54,49,10),(599,9,36,10),(600,10,32,10),(601,41,32,10),(602,11,40,10),(603,13,69,10),(604,15,75,10),(605,18,74,10),(606,24,76,10),(607,32,70,10),(608,60,74,10),(609,14,32,10),(610,16,59,10),(611,27,55,10),(612,17,80,10),(613,23,80,10),(614,19,28,10),(615,52,26,10),(616,21,58,10),(617,40,46,10),(618,25,23,10),(619,28,48,10),(620,29,60,10),(621,50,56,10),(622,30,39,10),(623,31,45,10),(624,33,34,10),(625,42,36,10),(626,34,40,10),(627,37,36,10),(628,35,68,10),(629,48,65,10),(630,36,52,10),(631,39,44,10),(632,47,61,10),(633,49,47,10),(634,51,41,10),(635,53,40,10),(636,55,37,10),(637,58,49,10),(638,62,50,10),(639,59,44,10),(640,1,68,12),(641,20,42,12),(642,22,68,12),(643,44,65,12),(644,45,58,12),(645,46,64,12),(646,2,26,12),(647,3,33,12),(648,56,20,12),(649,4,42,12),(650,5,64,12),(651,12,58,12),(652,43,66,12),(653,6,53,12),(654,38,49,12),(655,8,61,12),(656,54,49,12),(657,9,36,12),(658,10,32,12),(659,41,32,12),(660,11,40,12),(661,13,69,12),(662,15,76,12),(663,18,75,12),(664,24,77,12),(665,32,71,12),(666,60,75,12),(667,14,31,12),(668,16,60,12),(669,27,55,12),(670,17,80,12),(671,23,80,12),(672,19,28,12),(673,52,26,12),(674,21,61,12),(675,40,49,12),(676,25,24,12),(677,28,48,12),(678,29,61,12),(679,50,57,12),(680,30,39,12),(681,31,44,12),(682,33,36,12),(683,42,40,12),(684,34,40,12),(685,37,35,12),(686,35,69,12),(687,48,66,12),(688,36,52,12),(689,39,44,12),(690,47,62,12),(691,49,49,12),(692,51,41,12),(693,53,42,12),(694,55,37,12),(695,58,49,12),(696,62,51,12),(697,59,44,12);
/*!40000 ALTER TABLE `forecast` ENABLE KEYS */;
UNLOCK TABLES;

--
-- Table structure for table `state`
--

DROP TABLE IF EXISTS `state`;
/*!40101 SET @saved_cs_client     = @@character_set_client */;
/*!40101 SET character_set_client = utf8 */;
CREATE TABLE `state` (
  `stateId` smallint(5) unsigned NOT NULL AUTO_INCREMENT,
  `stateName` varchar(30) COLLATE utf8_bin DEFAULT NULL,
  `countryId` smallint(5) unsigned NOT NULL,
  PRIMARY KEY (`stateId`),
  UNIQUE KEY `stateName` (`stateName`),
  KEY `FK_state` (`countryId`),
  CONSTRAINT `FK_state` FOREIGN KEY (`countryId`) REFERENCES `country` (`countryId`) ON DELETE CASCADE ON UPDATE CASCADE
) ENGINE=InnoDB AUTO_INCREMENT=60 DEFAULT CHARSET=utf8 COLLATE=utf8_bin;
/*!40101 SET character_set_client = @saved_cs_client */;

--
-- Dumping data for table `state`
--

LOCK TABLES `state` WRITE;
/*!40000 ALTER TABLE `state` DISABLE KEYS */;
INSERT INTO `state` VALUES (1,'CA',1),(2,'AK',1),(3,'CO',1),(4,'NJ',1),(5,'TX',1),(6,'OR',1),(7,'Alberta',2),(8,'MS',1),(9,'MA',1),(10,'IL',1),(11,'OH',1),(13,'FL',1),(14,'MI',1),(16,'SC',1),(17,'HI',1),(19,'VT',1),(21,'NV',1),(25,'MN',1),(26,'Quebec',2),(28,'TN',1),(29,'LA',1),(30,'NY',1),(31,'MD',1),(33,'UT',1),(34,'PA',1),(35,'AZ',1),(36,'NC',1),(39,'DE',1),(47,'GA',1),(49,'WA',1),(51,'MO',1),(53,'NM',1),(55,'CT',1),(57,'British Columbia',2),(58,'VA',1),(59,'DC',1);
/*!40000 ALTER TABLE `state` ENABLE KEYS */;
UNLOCK TABLES;
/*!40103 SET TIME_ZONE=@OLD_TIME_ZONE */;

/*!40101 SET SQL_MODE=@OLD_SQL_MODE */;
/*!40014 SET FOREIGN_KEY_CHECKS=@OLD_FOREIGN_KEY_CHECKS */;
/*!40014 SET UNIQUE_CHECKS=@OLD_UNIQUE_CHECKS */;
/*!40101 SET CHARACTER_SET_CLIENT=@OLD_CHARACTER_SET_CLIENT */;
/*!40101 SET CHARACTER_SET_RESULTS=@OLD_CHARACTER_SET_RESULTS */;
/*!40101 SET COLLATION_CONNECTION=@OLD_COLLATION_CONNECTION */;
/*!40111 SET SQL_NOTES=@OLD_SQL_NOTES */;

-- Dump completed on 2015-01-05 17:15:12
